model,(Intercept),kelp,seagrass,rockyshore,slope_subtidal,water25m,freshwater,h1000m,h100m,silt_percent,df,logLik,AICc,delta,weight
mm06,20.91535364494998,NA,NA,NA,NA,NA,NA,1.9803258951639555,-1.567652351240976,-55.938775012617704,11,-141.593706748026,312.9521193784049,0,0.648687739412916
mm05,25.57243727573925,NA,NA,NA,NA,NA,NA,NA,NA,-49.62427674256356,9,-145.602921218427,314.205842436854,1.2537230584491112,0.346571771720637
mm04,17.607309944826966,NA,NA,NA,NA,NA,NA,2.364158003372927,-1.749462786961405,NA,10,-148.2522877811603,322.7902898480349,9.838170469629972,0.00473918995239443
mm03,22.228314681481702,NA,NA,NA,NA,NA,3.722698037288966e-4,NA,NA,NA,9,-158.39293547074368,339.78587094148736,26.833751563082444,0.000000966408126531147
mm02,17.142038548533446,NA,NA,0.04553718853436716,0.1917284847896898,6.038370762254843e-4,NA,NA,NA,NA,11,-156.29859541055941,342.36189670347176,29.40977732506684,0.000000266553068530688
mm01,27.6273695772235,-0.0034520215186793087,-0.0014575204131824994,NA,NA,NA,NA,NA,NA,NA,10,-159.43472436510882,345.1551630159319,32.203043637527,0.0000000659528570050462
