model,(Intercept),kelp,seagrass,rockyshore,slope_subtidal,water25m,freshwater,h1000m,h100m,silt_percent,df,logLik,AICc,delta,weight
mm06,4.000651005345038,NA,NA,NA,NA,NA,NA,2.885937429495493,-2.1618965013462184,-44.65359561922829,11,-131.85930763388114,293.4833211501152,0,0.904496661960726
mm05,11.191632931053478,NA,NA,NA,NA,NA,NA,NA,NA,-34.328544754985614,9,-137.57573683629155,298.1514736725831,4.668152522467892,0.0876456826204784
mm04,4.829314021538392,NA,NA,NA,NA,NA,NA,2.301341541288611,-1.9822706300310593,NA,10,-138.34621421830667,302.9781427223276,9.494821572212402,0.00784571739573844
mm02,1.4453237912102055,NA,NA,0.04895746315413777,0.6485443622945867,0.0013386673329919218,NA,NA,NA,NA,11,-143.1388060401636,316.0423179626801,22.558996812564885,0.0000114230756238949
mm03,9.084480222762423,NA,NA,NA,NA,NA,2.806882351071213e-4,NA,NA,NA,9,-149.63004444728972,322.26008889457944,28.776767744464223,0.000000510048235205596
mm01,12.83856518566717,-0.002244979055413611,-0.0015347765406571131,NA,NA,NA,NA,NA,NA,NA,10,-152.63262108122188,331.55095644815805,38.06763529804283,0.00000000489919802469217
